<?xml version="1.0"?>
<doc>
    <assembly>
        <name>CompanyEmployees.Presentation</name>
    </assembly>
    <members>
        <member name="M:CompanyEmployees.Presentation.Controllers.CompaniesController.GetCompanies">
            <summary>
            Gets the list of all companies
            </summary>
            <returns>The companies list</returns>
        </member>
        <member name="M:CompanyEmployees.Presentation.Controllers.CompaniesController.CreateCompany(Shared.DataTransferObjects.CompanyForCreationDto)">
            <summary>
            Creates a newly created company
            </summary>
            <param name="company"></param>
            <returns>A newly created company</returns>
            <response code="201">Returns the newly created item</response>
            <response code="400">If the item is null</response>
            <response code="422">If the model is invalid</response>
        </member>
    </members>
</doc>
